ticker,name,category,listed_us,core_eligible,exclusion_reason
1306,Nomura Topix,us_equity_other,False,False,non-US listing / not tradable on US exchange
3476.HK,Hang Seng JPMorgan US Equity Premium Income Active ETF,option_overlay,False,False,non-US listing / not tradable on US exchange
511220,SSE Pledge Urban INVE BD,us_equity_other,False,False,non-US listing / not tradable on US exchange
511360,HFT CSI Commercial Paper,us_equity_other,False,False,non-US listing / not tradable on US exchange
512390,PAU MSCI A-SHR L-FLCTUT,us_equity_other,False,False,non-US listing / not tradable on US exchange
AAXJ,iShares MSCI All Country Asia ex-Japan,em_equity,True,True,
ABFL,Abacus FCF Leaders ETF,us_equity_other,True,True,
ABLG,Abacus FCF International Leaders ETF,intl_equity,True,True,
ACIO,Aptus Collared Investment Opportunity ETF,option_overlay,True,False,option-overlay structure caps upside vs SPY
ACLC,American Century Large Cap Equity ETF,us_core,True,True,
ACLO,TCW AAA CLO ETF,bond_clo_loan,True,True,
ACWI,iShares MSCI ACWI ETF,intl_equity,True,True,
ACWV,iShares MSCI Global Min Vol Factor ETF,intl_equity,True,True,
ACWX,iShares MSCI ACWI ex U.S. ETF,intl_equity,True,True,
ADME,Aptus Drawdown Managed Equity ETF,us_equity_other,True,True,
AFLG,First Trust Active Factor Large Cap ETF,us_factor,True,True,
AGG,iShares Core U.S. Aggregate Bond ETF,bond_ig,True,True,
AGGY,WisdomTree Yield Enhanced US Aggregate Bond Fund,bond_ig,True,True,
AGZ,iShares Agency Bond ETF,bond_ig,True,True,
AHYG,iShares Barclays USD Asia High Yield Bond Index,bond_hy,False,False,non-US listing / not tradable on US exchange
AINP,Allspring Income Plus ETF,us_equity_other,True,True,
AIRR,First Trust RBA American Industrial Renaissance ETF,sector_thematic,True,True,
AJAC,iShares JPMorgan USD Asia Credit Bond Index,bond_ig,False,False,non-US listing / not tradable on US exchange
ALLW,SPDR Bridgewater All Weather ETF,sector_thematic,True,True,
ANGL,VanEck Fallen Angel High Yield Bond ETF,bond_hy,True,True,
APIE,ActivePassive International Equity ETF,intl_equity,True,True,
APUE,Activepassive US Equity ETF,us_core,True,True,
ARTY,iShares Future AI & Tech ETF,sector_thematic,True,True,
ASHR,DB X-Trackers Harvest CSI 300 China A-Shares Fund,em_equity,True,True,
ASHS,DB X-Trackers Harvest CSI 500 China A-Shares Small Cap Fund,em_equity,True,True,
AUSF,Global X Adaptive US Factor ETF,intl_equity,True,True,
AVDE,Avantis International Equity ETF,intl_equity,True,True,
AVDS,Avantis International Small Cap Equity ETF,intl_equity,True,True,
AVDV,Avantis International Small Cap Value ETF,intl_equity,True,True,
AVEM,Avantis Emerging Markets Equity ETF,em_equity,True,True,
AVES,Avantis Emerging Markets Value ETF,em_equity,True,True,
AVIG,Avantis Core Fixed Income ETF,bond_ig,True,True,
AVIV,Avantis International Large Cap Value ETF,intl_equity,True,True,
AVLC,Avantis US Large Cap Equity ETF,us_core,True,True,
AVLV,Avantis US Large Cap Value ETF,us_factor,True,True,
AVMC,Avantis US Mid Cap Equity ETF,us_small_mid,True,True,
AVMU,Avantis Core Municipal Fixed Income ETF,bond_muni,True,True,
AVMV,Avantis US Mid Cap Value ETF,us_small_mid,True,True,
AVSC,Avantis US Small Cap Equity ETF,us_small_mid,True,True,
AVSF,Avantis Short-Term Fixed Income ETF,bond_ig,True,True,
AVSU,Avantis Responsible US Equity ETF,us_core,True,True,
AVUS,Avantis US Equity ETF,us_core,True,True,
AVUV,Avantis U.S. Small Cap Value ETF,us_small_mid,True,True,
BAB,Invesco Taxable Municipal Bond,bond_muni,True,True,
BALI,iShares Advantage Large Cap Income ETF,bond_ig,True,True,
BBAG,JPMorgan BetaBuilders U.S. Aggregate Bond ETF,bond_ig,True,True,
BBAX,JPMorgan BetaBuilders Developed Asia Pacific-ex Japan ETF,intl_equity,True,True,
BBBS,BondBloxx BBB Rated 1-5 Year Corporate Bond ETF,bond_ig,True,True,
BBCA,JPMorgan BetaBuilders Canada ETF,intl_equity,True,True,
BBCB,JPMorgan BetaBuilders USD Investment Grade Corporate Bond ETF,bond_ig,True,True,
BBEM,JPMorgan BetaBuilders Emerging Markets Equity ETF,em_equity,True,True,
BBEU,JPMorgan BetaBuilders Europe ETF,intl_equity,True,True,
BBHY,JPMorgan BetaBuilders USD High Yield Corporate Bond ETF,bond_hy,True,True,
BBIL,JPMorgan BetaBuilders US Treasury Bond 0-1 Year UCITS,bond_treasury,False,False,non-US listing / not tradable on US exchange
BBIN,JPMorgan BetaBuilders International Equity ETF,intl_equity,True,True,
BBJP,JPMorgan BetaBuilders Japan ETF,intl_equity,True,True,
BBMC,JPMorgan BetaBuilders US Mid Cap Equity ETF,us_small_mid,True,True,
BBRE,JPMorgan BetaBuilders MSCI US REIT ETF,real_estate,True,True,
BBRT,JPMorgan BetaBuilders US Treasury Bond UCITS,bond_treasury,False,False,non-US listing / not tradable on US exchange
BBSC,JPMorgan BetaBuilders U.S. Small Cap Equity ETF,us_small_mid,True,True,
BBUS,JPMorgan BetaBuilders US Equity ETF,us_core,True,True,
BCD,abrdn Bloomberg All Commodity Longer Dated Strategy K-1 Free ETF,commodity,True,True,
BGRN,iShares USD Green Bond ETF,bond_ig,True,True,
BIBL,Inspire 100 ETF,us_equity_other,True,True,
BIL,SPDR Barclays 1-3 Month T-Bill,bond_treasury,True,True,
BIV,Vanguard Intermediate-Term Bond ETF,bond_ig,True,True,
BKAG,BNY Mellon Core Bond ETF,bond_ig,True,True,
BKDV,BNY Mellon Dynamic Value ETF,us_factor,True,True,
BKEM,BNY Mellon Emerging Markets Equity ETF,em_equity,True,True,
BKHY,BNY Mellon High Yield ETF,bond_hy,True,True,
BKIE,BNY Mellon International Equity ETF,intl_equity,True,True,
BKLC,BNY Mellon US Large Cap Core Equity ETF,us_core,True,True,
BKLN,Invesco Senior Loan ETF,bond_clo_loan,True,True,
BKMC,BNY Mellon US Mid Cap Core Equity ETF,us_small_mid,True,True,
BLOK,Amplify Transformational Data Sharing ETF,sector_thematic,True,True,
BLV,Vanguard Long-Term Bond ETF,bond_ig,True,True,
BND,Vanguard Total Bond Market ETF,bond_ig,True,True,
BNDW,Vanguard Total World Bond,bond_ig,True,True,
BNDX,Vanguard Total International Bond ETF,bond_ig,True,True,
BOND,PIMCO Active Bond Exchange-Traded Fund,bond_ig,True,True,
BOTZ,Global X Robotics & Artificial Intelligence ETF,intl_equity,True,True,
BRNY,Burney US Factor Rotation ETF,us_factor,True,True,
BSCP,Invesco BulletShares 2025 Corporate Bond ETF,bond_ig,True,True,
BSCQ,Invesco BulletShares 2026 Corporate Bond ETF,bond_ig,True,True,
BSCR,Invesco BulletShares 2027 Corporate Bond ETF,bond_ig,True,True,
BSCS,Invesco BulletShares 2028 Corporate Bond ETF,bond_ig,True,True,
BSCT,Invesco BulletShares 2029 Corporate Bond ETF,bond_ig,True,True,
BSCU,Invesco BulletShares 2030 Corporate Bond ETF,bond_ig,True,True,
BSCV,Invesco Bulletshares 2031 Corporate Bond ETF,bond_ig,True,True,
BSCW,Invesco BulletShares 2032 Corporate Bond ETF,bond_ig,True,True,
BSCX,Invesco BulletShares 2033 Corporate Bond ETF,bond_ig,True,True,
BSCY,Invesco BulletShares 2034 Corporate Bond ETF,bond_ig,True,True,
BSJQ,Invesco Bulletshares 2026 High Yield Corporate Bond ETF,bond_hy,True,True,
BSJR,Invesco BulletShares 2027 High Yield Corporate Bond ETF,bond_hy,True,True,
BSJS,Invesco BulletShares 2028 High Yield Corporate Bond ETF,bond_hy,True,True,
BSJT,Invesco Bulletshares 2029 High Yield Corporate Bond ETF,bond_hy,True,True,
BSMP,Invesco BulletShares 2025 Municipal Bond ETF,bond_muni,True,True,
BSMQ,Invesco BulletShares 2026 Municipal Bond ETF,bond_muni,True,True,
BSMR,Invesco BulletShares 2027 Municipal Bond ETF,bond_muni,True,True,
BSMS,Invesco BulletShares 2028 Municipal Bond ETF,bond_muni,True,True,
BSMT,Invesco BulletShares 2029 Municipal Bond ETF,bond_muni,True,True,
BSMU,Invesco BulletShares 2030 Municipal Bond ETF,bond_muni,True,True,
BSV,Vanguard Short-Term Bond ETF,bond_ig,True,True,
BSVO,EA Bridgeway Omni Small-Cap Value Etf,us_small_mid,True,True,
BUSA,Brandes U.S. Value ETF,us_factor,True,True,
BUXX,Strive Enhanced Income Short Maturity ETF,bond_ig,True,True,
BWX,SPDR Bloomberg International Treasury Bond ETF,bond_treasury,True,True,
BWZ,SPDR Bloomberg Short Term International Treasury Bond ETF,bond_treasury,True,True,
CALF,Pacer US Small Cap Cash Cows ETF,us_small_mid,True,True,
CAPE,DoubleLine Shiller Cape US Equities ETF,us_equity_other,True,True,
CARY,Angel Oak Income ETF,bond_ig,True,True,
CATH,Global X S&P 500 Catholic Values ETF,intl_equity,True,True,
CCNR,ALPS CoreCommodity Natural Resources ETF,commodity,True,True,
CDC,VictoryShares US EQ Income Enhanced Volatility Wtd ETF,us_equity_other,True,True,
CEMB,iShares J.P. Morgan EM Corporate Bond ETF,bond_ig,True,True,
CEPI,REX Crypto Equity Premium Income ETF,option_overlay,True,False,option-overlay structure caps upside vs SPY
CFA,VictoryShares US 500 Volatility Wtd ETF,us_equity_other,True,True,
CGCB,Capital Group Core Bond ETF,bond_ig,True,True,
CGCV,Capital Group Conservative Equity ETF,us_equity_other,True,True,
CGDG,Capital Group Dividend Growers ETF,us_factor,True,True,
CGDV,Capital Group Dividend Value ETF,us_factor,True,True,
CGGE,Capital Group Global Equity ETF,intl_equity,True,True,
CGGO,Capital Group Global Growth Equity ETF,intl_equity,True,True,
CGGR,Capital Group Growth ETF,us_factor,True,True,
CGHM,Capital Group Municipal High-Income ETF,bond_muni,True,True,
CGIC,Capital Group International Core Equity ETF,intl_equity,True,True,
CGIE,Capital Group International Equity ETF,intl_equity,True,True,
CGMM,Capital Group US Small and Mid Cap ETF,us_small_mid,True,True,
CGMS,Capital Group U.S. Multi-Sector Income Bond ETF,bond_ig,True,True,
CGMU,Capital Group Municipal Income ETF,bond_muni,True,True,
CGNG,Capital Group New Geography Equity ETF,us_equity_other,True,True,
CGSM,Capital Group Short Duration Municipal Income ETF,bond_muni,True,True,
CGUS,Capital Group Core Equity ETF,us_core,True,True,
CGW,Invesco S&P Global Water Index ETF,intl_equity,True,True,
CGXU,Capital Group International Focus Equity ETF,intl_equity,True,True,
CHIQ,Global X MSCI China Consumer Discretionary ETF,em_equity,True,True,
CJPU,iShares MSCI Japan UCITS USD (Dist),intl_equity,False,False,non-US listing / not tradable on US exchange
CLOA,iShares AAA CLO Active ETF,bond_clo_loan,True,True,
CLOI,Vaneck CLO ETF,bond_clo_loan,True,True,
CLOX,Eldridge AAA CLO ETF,bond_clo_loan,True,True,
CLOZ,Eldridge BBB-B CLO ETF,bond_hy,True,True,
CMBS,iShares CMBS ETF,bond_ig,True,True,
CMF,iShares California Muni Bond ETF,bond_muni,True,True,
CNYA,iShares MSCI China A ETF,em_equity,True,True,
COMT,iShares GSCI Commodity Dynamic Roll Strategy ETF,commodity,True,True,
COPX,Global X Copper Miners ETF,commodity,True,True,
CORP,PIMCO Investment Grade Corporate Bond Index Exchange-Traded Fund,bond_ig,True,True,
COWG,Pacer US Large Cap Cash Cows Growth Leaders ETF,us_factor,True,True,
COWZ,Pacer US Cash Cows 100 ETF,us_factor,True,True,
CRBN,iShares MSCI ACWI Low Carbon Target ETF,intl_equity,True,True,
CSSPX,iShares Core S&P 500 UCITS,us_core,False,False,non-US listing / not tradable on US exchange
CVIE,Calvert International Responsible Index ETF,intl_equity,True,True,
CVSB,Calvert Ultra-Short Investment Grade Etf,bond_ig,True,True,
CWB,SPDR Bloomberg Convertible Securities ETF,bond_ig,True,True,
CWI,SPDR MSCI ACWI ex-US ETF,intl_equity,True,True,
DBEF,Xtrackers MSCI EAFE Hedged Equity,option_overlay,True,False,option-overlay structure caps upside vs SPY
DBEU,Xtrackers MSCI Europe Hedged Equity,option_overlay,True,False,option-overlay structure caps upside vs SPY
DBJP,Xtrackers MSCI Japan Hedged Equity,option_overlay,True,False,option-overlay structure caps upside vs SPY
DBND,DoubleLine Opportunistic Core Bond ETF,bond_ig,True,True,
DCOR,Dimensional US Core Equity 1 ETF,us_core,True,True,
DDLS,Wisdomtree Dynamic Currency Hedged International Smallcap Equity Fund,intl_equity,True,True,
DDWM,Wisdomtree Dynamic Currency Hedged International Equity Fund,intl_equity,True,True,
DEM,WisdomTree Emerging Markets High Dividend Fund,em_equity,True,True,
DES,WisdomTree US SmallCap Dividend Fund,us_small_mid,True,True,
DEXC,Dimensional Emerging Markets ex China Core Equity ETF,em_equity,True,True,
DFAC,Dimensional US Core Equity 2 ETF,us_core,True,True,
DFAE,Dimensional Emerging Core Equity Market ETF,em_equity,True,True,
DFAI,Dimensional International Core Equity Market ETF,intl_equity,True,True,
DFAS,Dimensional US Small Cap ETF,us_small_mid,True,True,
DFAT,Dimensional US Targeted Value ETF,us_factor,True,True,
DFAU,Dimensional US Core Equity Market ETF,us_core,True,True,
DFAX,Dimensional World EX US Core Equity 2 ETF,intl_equity,True,True,
DFCA,Dimensional California Municipal Bond ETF,bond_muni,True,True,
DFCF,Dimensional Core Fixed Income ETF,bond_ig,True,True,
DFEM,Dimensional Emerging Markets Core Equity 2 ETF,em_equity,True,True,
DFEV,Dimensional Emerging Markets Value ETF,em_equity,True,True,
DFGP,Dimensional Global Core Plus Fixed Income ETF,bond_ig,True,True,
DFGX,Dimensional Global ex US Core Fixed Income ETF,bond_ig,True,True,
DFIC,Dimensional International Core Equity 2 ETF,intl_equity,True,True,
DFIS,Dimensional International Small Cap ETF,intl_equity,True,True,
DFIV,Dimensional International Value ETF,intl_equity,True,True,
DFJ,WisdomTree Japan SmallCap Dividend Fund,intl_equity,True,True,
DFLV,Dimensional US Large Cap Value ETF,us_factor,True,True,
DFNM,Dimensional National Municipal Bond ETF,bond_muni,True,True,
DFSB,Dimensional Global Sustainability Fixed Income ETF,bond_ig,True,True,
DFSD,Dimensional Short-Duration Fixed Income ETF,bond_ig,True,True,
DFSE,Dimensional Emerging Markets Sustainability Core 1 ETF,em_equity,True,True,
DFSI,Dimensional International Sustainability Core 1 ETF,intl_equity,True,True,
DFSU,Dimensional US Sustainability Core 1 ETF,us_equity_other,True,True,
DFSV,Dimensional US Small Cap Value ETF,us_small_mid,True,True,
DFUS,Dimensional US Equity Market ETF,us_core,True,True,
DFUV,Dimensional US Marketwide Value ETF,us_factor,True,True,
DFVX,Dimensional US Large Cap Vector ETF,us_core,True,True,
DGCB,Dimensional Global Credit ETF,bond_ig,True,True,
DGRO,iShares Core Dividend Growth ETF,us_factor,True,True,
DGRS,WisdomTree U.S. SmallCap Quality Dividend Growth Fund,us_small_mid,True,True,
DGRW,WisdomTree U.S. Quality Dividend Growth Fund,us_factor,True,True,
DGS,Wisdom Tree Trust - WisdomTree Emerging Markets SmallCap Dividend Fund,em_equity,True,True,
DGT,SPDR Global Dow ETF,intl_equity,True,True,
DHS,WisdomTree US High Dividend Fund,us_factor,True,True,
DIAL,Columbia Diversified Fixed Income Allocation ETF,bond_ig,True,True,
DIHP,Dimensional International High Profitability ETF,intl_equity,True,True,
DISV,Dimensional International Small Cap Value ETF,intl_equity,True,True,
DIV,Global X SuperDividend US ETF,intl_equity,True,True,
DIVB,iShares Core Dividend ETF,us_factor,True,True,
DIVI,Franklin International Core Dividend Tilt Index ETF,intl_equity,True,True,
DLN,WisdomTree US LargeCap Dividend Fund,us_factor,True,True,
DLS,WisdomTree International SmallCap Dividend Fund,intl_equity,True,True,
DMBS,DoubleLine Mortgage ETF,bond_ig,True,True,
DMXF,iShares ESG Advanced MSCI EAFE ETF,intl_equity,True,True,
DNL,WisdomTree Global ex-US Quality Dividend Growth Fund,intl_equity,True,True,
DOL,WisdomTree International LargeCap Dividend Fund,intl_equity,True,True,
DON,WisdomTree US MidCap Dividend Fund,us_small_mid,True,True,
DRIV,Global X Autonomous & Electric Vehicles ETF,intl_equity,True,True,
DSI,iShares MSCI KLD 400 Social,us_equity_other,True,True,
DSTL,Distillate US Fundamental Stability & Value ETF,us_factor,True,True,
DTD,WisdomTree US Total Dividend Fund,us_factor,True,True,
DTH,WisdomTree Trust - WisdomTree International High Dividend Fund,intl_equity,True,True,
DUHP,Dimensional US High Profitability ETF,us_equity_other,True,True,
DUSB,Dimensional Ultrashort Fixed Income ETF,bond_ig,True,True,
DVY,iShares Select Dividend ETF,us_factor,True,True,
DVYE,iShares Emerging Markets Dividend ETF,em_equity,True,True,
DWAS,Invesco Dorsey Wright SmallCap Momentum ETF,us_small_mid,True,True,
DWM,WisdomTree International Equity Fund,intl_equity,True,True,
DWX,SPDR S&P International Dividend ETF,intl_equity,True,True,
DXJ,WisdomTree Japan Hedged Equity Fund,option_overlay,True,False,option-overlay structure caps upside vs SPY
DXJS,Wisdom Tree Japan Hedged SmallCap Equity Fund,intl_equity,True,True,
DXUV,Dimensional US Vector Equity ETF,us_equity_other,True,True,
DYNF,iShares U.S. Equity Factor Rotation Active ETF,us_factor,True,True,
EAGG,iShares ESG Aware U.S. Aggregate Bond ETF,bond_ig,True,True,
EBND,SPDR Bloomberg Emerging Markets Local Bond ETF,bond_ig,True,True,
EDIV,SPDR S&P Emerging Markets Dividend ETF,em_equity,True,True,
EDV,Vanguard Extended Duration Treasury ETF,bond_treasury,True,True,
EELV,Invesco S&P Emerging Markets Low Volatility ETF,em_equity,True,True,
EEM,iShares MSCI Emerging Markets ETF,em_equity,True,True,
EEMS,iShares MSCI Emerging Markets Small-Cap ETF,em_equity,True,True,
EEMV,iShares MSCI Emerging Markets Min Vol Factor ETF,em_equity,True,True,
EES,WisdomTree US SmallCap Fund,us_small_mid,True,True,
EFA,iShares MSCI EAFE ETF,intl_equity,True,True,
EFAV,iShares MSCI EAFE Min Vol Factor ETF,intl_equity,True,True,
EFG,iShares MSCI EAFE Growth ETF,intl_equity,True,True,
EFIV,SPDR S&P 500 ESG ETF,us_core,True,True,
EFV,iShares MSCI EAFE Value ETF,intl_equity,True,True,
EIMI,iShares Core MSCI EM IMI UCITS,us_equity_other,False,False,non-US listing / not tradable on US exchange
EIS,iShares MSCI Israel ETF,intl_equity,True,True,
EMB,iShares J.P. Morgan USD Emerging Markets Bond ETF,bond_ig,True,True,
EMBD,Global X Emerging Markets Bond ETF,bond_ig,True,True,
EMCP,iShares JPMorgan $ EM Corp Bond UCITS,bond_ig,False,False,non-US listing / not tradable on US exchange
EMGF,iShares Emerging Markets Equity Factor ETF,em_equity,True,True,
EMHC,SPDR Bloomberg Emerging Markets USD Bond ETF,bond_ig,True,True,
EMHY,iShares J.P. Morgan EM High Yield Bond ETF,bond_hy,True,True,
EMLC,VanEck J. P. Morgan EM Local Currency Bond ETF,bond_ig,True,True,
EMMF,Wisdomtree Trust - Wisdomtree Emerging Markets Multifactor Fund,em_equity,True,True,
EMQQ,Emerging Markets Internet ETF/The,em_equity,True,True,
EMUU,iShares MSCI EMU Hedged UCITS,us_equity_other,False,False,non-US listing / not tradable on US exchange
EPP,iShares MSCI Pacific ex Japan ETF,intl_equity,True,True,
EPS,WisdomTree US LargeCap Fund,us_core,True,True,
EQAL,Invesco Russell 1000 Equal Weight ETF,us_factor,True,True,
EQIN,Columbia US Equity Income ETF,bond_ig,True,True,
EQWL,Invesco S&P 100 Equal Weight ETF,us_factor,True,True,
ESGD,iShares ESG Aware MSCI EAFE ETF,intl_equity,True,True,
ESGE,iShares ESG Aware MSCI EM ETF,us_equity_other,True,True,
ESGU,iShares ESG Aware MSCI USA ETF,us_equity_other,True,True,
ESGV,Vanguard ESG US Stock ETF,us_equity_other,True,True,
ESML,iShares ESG Aware MSCI USA Small-Cap ETF,us_small_mid,True,True,
EUSA,iShares MSCI USA Equal Weighted ETF,us_factor,True,True,
EUSB,iShares ESG Advanced Total USD Bond Market ETF,bond_ig,True,True,
EUSC,Wisdomtree Europe Hedged SmallCap Equity Fund,intl_equity,True,True,
EVLN,Eaton Vance Floating-Rate ETF,us_equity_other,True,True,
EVSB,Eaton Vance Ultra-Short Income ETF,bond_ig,True,True,
EVSM,Eaton Vance Short Duration Municipal Income ETF,bond_muni,True,True,
EWC,iShares MSCI Canada ETF,intl_equity,True,True,
EWJ,iShares MSCI Japan ETF,intl_equity,True,True,
EWJV,iShares MSCI Japan Value ETF,intl_equity,True,True,
EWQ,iShares MSCI France ETF,intl_equity,True,True,
EWU,iShares MSCI United Kingdom ETF,intl_equity,True,True,
EWX,SPDR S&P Emerging Markets SmallCap ETF,em_equity,True,True,
EWZS,iShares MSCI Brazil Small-Cap ETF,em_equity,True,True,
EYLD,Cambria Emerging Shareholder Yield ETF,em_equity,True,True,
EZM,WisdomTree US MidCap Fund,us_small_mid,True,True,
EZU,iShares MSCI Eurozone ETF,intl_equity,True,True,
FAD,First Trust MultiCap Growth AlphaDEX Fund,us_factor,True,True,
FALN,iShares Fallen Angels USD Bond ETF,bond_hy,True,True,
FBND,Fidelity Total Bond ETF,bond_ig,True,True,
FCOR,Fidelity Corporate Bond ETF,bond_ig,True,True,
FCPI,Fidelity Stocks for Inflation ETF,us_equity_other,True,True,
FCVT,First Trust Exchange Traded Fund IV - SSI Strategic Convertible Securities ETF,bond_ig,True,True,
FDEM,Fidelity Emerging Markets Multifactor ETF,em_equity,True,True,
FDEV,Fidelity International Multifactor ETF,intl_equity,True,True,
FDL,First Trust Exchange-Traded Fund-First Trust Morningstar Dividend Leaders Index,us_factor,True,True,
FDLO,Fidelity Low Volatility Factor ETF,us_factor,True,True,
FDMO,Fidelity Momentum Factor ETF,us_factor,True,True,
FDRR,Fidelity Dividend ETF for Rising Rates,us_factor,True,True,
FDT,First Trust Developed Markets ex-US AlphaDEX Fund,intl_equity,True,True,
FDV,Federated Hermes US Strategic Dividend ETF,us_factor,True,True,
FDVV,Fidelity High Dividend ETF,us_factor,True,True,
FEGE,First Eagle Global Equity ETF,intl_equity,True,True,
FELC,Fidelity Enhanced Large Cap Core ETF,us_core,True,True,
FELV,Fidelity Enhanced Large Cap Value ETF,us_factor,True,True,
FEM,First Trust Emerging Markets AlphaDEX Fund,em_equity,True,True,
FEMS,First Trust Emerging Markets Small Cap AlphaDEX Fund,em_equity,True,True,
FENI,Fidelity Enhanced International ETF,intl_equity,True,True,
FEOE,First Eagle Overseas Equity ETF,intl_equity,True,True,
FEP,First Trust Europe AlphaDEX Fund,intl_equity,True,True,
FESM,Fidelity Enhanced Small Cap ETF,us_small_mid,True,True,
FEX,First Trust Large Cap Core AlphaDEX Fund,us_factor,True,True,
FEZ,SPDR EURO STOXX 50 ETF,intl_equity,True,True,
FFLC,Fidelity Fundamental Large Cap Core ETF,us_core,True,True,
FFND,One Global ETF,intl_equity,True,True,
FFSM,Fidelity Fundamental Small-Mid Cap ETF,us_small_mid,True,True,
FFTY,Innovator ETFs Trust - Innovator IBD R 50 ETF,sector_thematic,True,True,
FGD,First Trust DJ Global Select Dividend Index Fund,intl_equity,True,True,
FHEQ,Fidelity Hedged Equity ETF,option_overlay,True,False,option-overlay structure caps upside vs SPY
FICS,First Trust International Developed Capital Strength ETF,intl_equity,True,True,
FIGB,Fidelity Investment Grade Bond ETF,bond_ig,True,True,
FIIG,First Trust Intermediate Duration Investment Grade Corporate ETF,bond_ig,True,True,
FINX,Global X FinTech ETF,intl_equity,True,True,
FIVA,Fidelity International Value Factor ETF,intl_equity,True,True,
FJP,First Trust Japan AlphaDEX Fund,intl_equity,True,True,
FLBL,Franklin Senior Loan ETF,bond_clo_loan,True,True,
FLBR,Franklin FTSE Brazil ETF,em_equity,True,True,
FLCA,Franklin FTSE Canada ETF,intl_equity,True,True,
FLCB,Franklin U.S. Core Bond ETF,bond_ig,True,True,
FLCG,Federated Hermes MDT Large Cap Growth ETF,us_factor,True,True,
FLCO,Franklin Investment Grade Corporate ETF,bond_ig,True,True,
FLDR,Fidelity Low Duration Bond Factor ETF,bond_ig,True,True,
FLGB,Franklin FTSE United Kingdom ETF,intl_equity,True,True,
FLHY,Franklin High Yield Corporate ETF,bond_hy,True,True,
FLIN,Franklin FTSE India ETF,em_equity,True,True,
FLJP,Franklin FTSE Japan ETF,intl_equity,True,True,
FLMI,Franklin Dynamic Municipal Bond ETF,bond_muni,True,True,
FLOT,iShares Floating Rate Bond ETF,bond_clo_loan,True,True,
FLQL,Franklin U.S. Large Cap Multifactor Index ETF,us_factor,True,True,
FLQM,Franklin U.S. Mid Cap Multifactor Index ETF,us_small_mid,True,True,
FLRG,Fidelity US Multifactor ETF,us_factor,True,True,
FLRN,SPDR Bloomberg Investment Grade Floating Rate ETF,bond_clo_loan,True,True,
FLRT,Pacer Pacific Asset Floating Rate High Income ETF,bond_clo_loan,True,True,
FLTB,Fidelity Ltd Term Bond ETF,bond_ig,True,True,
FLTR,VanEck IG Floating Rate ETF,bond_clo_loan,True,True,
FMAG,Fidelity Magellan ETF,us_equity_other,True,True,
FMB,First Trust Managed Municipal ETF,bond_muni,True,True,
FMDE,Fidelity Enhanced Mid Cap ETF,us_small_mid,True,True,
FMHI,First Trust Municipal High Income ETF,bond_muni,True,True,
FNDA,Schwab Fundamental U.S. Small Company ETF,us_small_mid,True,True,
FNDB,Schwab Fundamental U.S. Broad Market ETF,us_core,True,True,
FNDC,Schwab Fundamental International Small Equity ETF,intl_equity,True,True,
FNDE,Schwab Fundamental Emerging Markets Equity ETF,em_equity,True,True,
FNDF,Schwab Fundamental International Equity ETF,intl_equity,True,True,
FNDX,Schwab Fundamental U.S. Large Company ETF,us_equity_other,True,True,
FNX,First Trust Mid Cap Core AlphaDEX Fund,us_small_mid,True,True,
FNY,First Trust Mid Cap Growth AlphaDEX Fund,us_small_mid,True,True,
FPE,First Trust Preferred Securities and Income ETF,bond_ig,True,True,
FPEI,First Trust Institutional Preferred Securities and Income ETF,bond_ig,True,True,
FPX,First Trust US Equity Opportunities ETF,us_core,True,True,
FQAL,Fidelity Quality Factor ETF,us_factor,True,True,
FRDM,Freedom 100 Emerging Markets ETF,em_equity,True,True,
FRI,First Trust S&P REIT Index Fund,real_estate,True,True,
FSEC,Fidelity Investment Grade Securitized ETF,bond_ig,True,True,
FSIG,First Trust Limited Duration Investment Grade Corporate ETF,bond_ig,True,True,
FSMB,First Trust Short Duration Managed Municipal ETF,bond_muni,True,True,
FSMD,Fidelity Small-Mid Multifactor ETF,us_small_mid,True,True,
FTA,First Trust Large Cap Value AlphaDEX Fund,us_factor,True,True,
FTC,First Trust Large Cap Growth AlphaDEX Fund,us_factor,True,True,
FTCS,First Trust Capital Strength ETF,us_factor,True,True,
FTGS,First Trust Growth Strength ETF,us_factor,True,True,
FTHI,FTHI/First Trust Exchange-Traded Fund VI FirstTrust BuyWrite Income ETF,option_overlay,True,False,option-overlay structure caps upside vs SPY
FTLS,First Trust Exchange-Traded Fund III-First Trust Long/Short Equity ETF,us_equity_other,True,True,
FTQI,First Trust Exchange-Traded Fund VI First Trust Nasdaq BuyWrite Income ETF,option_overlay,True,False,option-overlay structure caps upside vs SPY
FTSL,First Trust Senior Loan ETF,bond_clo_loan,True,True,
FTSM,First Trust Enhanced Short Maturity ETF,bond_ig,True,True,
FTXO,First Trust Nasdaq Bank ETF,sector_thematic,True,True,
FUMB,First Trust Ultra Short Duration Municipal ETF,bond_muni,True,True,
FVAL,Fidelity Value Factor ETF,us_factor,True,True,
FVD,First Trust Value Line Dividend Index Fund,us_factor,True,True,
FWD,AB Disruptors ETF,sector_thematic,True,True,
FXD,First Trust Consumer Discretionary AlphaDEX Fund,sector_thematic,True,True,
FXI,iShares China Large-Cap ETF,em_equity,True,True,
FXO,First Trust Financial AlphaDEX Fund,sector_thematic,True,True,
FYC,First Trust Small Cap Growth AlphaDEX Fund,us_small_mid,True,True,
FYLD,Cambria Foreign Shareholder Yield ETF,intl_equity,True,True,
FYX,First Trust Small Cap Core AlphaDEX Fund,us_small_mid,True,True,
GAAA,iShares Global AAA-AA Govt Bond UCITS,bond_treasury,False,False,non-US listing / not tradable on US exchange
GARP,iShares MSCI USA Quality GARP ETF,us_factor,True,True,
GBF,iShares Government/Credit Bond ETF,bond_ig,True,True,
GCOR,Goldman Sachs Access US Aggregate Bond ETF,bond_ig,True,True,
GCOW,Pacer Global Cash Cows Dividend ETF,intl_equity,True,True,
GEM,Goldman Sachs ActiveBeta Emerging Markets Equity ETF,commodity,True,True,
GFLW,VictoryShares Free Cash Flow Growth ETF,us_factor,True,True,
GGUS,Goldman Sachs MarketBeta Russell 1000 Growth Equity ETF,commodity,True,True,
GHYG,iShares US & Intl High Yield Corp Bond ETF,bond_hy,True,True,
GIGB,Goldman Sachs Access Investment Grade Corporate Bond Etf,bond_ig,True,True,
GINN,Goldman Sachs Innovate Equity ETF,commodity,True,True,
GLIN,VanEck India Growth Leaders ETF,em_equity,True,True,
GLOF,iShares Global Equity Factor ETF,intl_equity,True,True,
GLOV,Goldman Sachs Activebeta World Low Vol Plus Equity ETF,commodity,True,True,
GMF,SPDR S&P Emerging Asia Pacific ETF,em_equity,True,True,
GMOI,GMO International Value ETF,intl_equity,True,True,
GNMA,iShares GNMA Bond ETF,bond_ig,True,True,
GOVT,iShares U.S. Treasury Bond ETF,bond_treasury,True,True,
GPIQ,Goldman Sachs Nasdaq-100 Core Premium Income ETF,option_overlay,True,False,option-overlay structure caps upside vs SPY
GPIX,Goldman Sachs S&P 500 Core Premium Income ETF,option_overlay,True,False,option-overlay structure caps upside vs SPY
GQI,Natixis Gateway Quality Income ETF,bond_ig,True,True,
GRPM,Invesco S&P MidCap 400 GARP ETF,us_small_mid,True,True,
GSC,Goldman Sachs Small Cap Core Equity ETF,commodity,True,True,
GSEW,Goldman Sachs Equal Weight US Large Cap Equity ETF,commodity,True,True,
GSID,Goldman Sachs MarketBeta International Equity ETF,commodity,True,True,
GSIE,Goldman Sachs ActiveBeta International Equity ETF,commodity,True,True,
GSLC,Goldman Sachs ActiveBeta U.S. Large Cap Equity ETF,commodity,True,True,
GSSC,Goldman Sachs ActiveBeta US Small Cap Equity ETF,commodity,True,True,
GSST,Goldman Sachs Ultra Short Bond ETF,bond_ig,True,True,
GSUS,Goldman Sachs MarketBeta US Equity ETF,commodity,True,True,
GSY,Invesco Ultra Short Duration ETF,bond_ig,True,True,
GUNR,FlexShares Morningstar Global Upstream Natural Resources Index Fund,commodity,True,True,
GVAL,Cambria Global Value ETF,intl_equity,True,True,
GVI,iShares Intermediate Government/Credit Bond ETF,bond_ig,True,True,
GVIP,Goldman Sachs Hedge Industry VIP ETF,commodity,True,True,
GWX,SPDR S&P International Small Cap ETF,intl_equity,True,True,
HCRB,Hartford Core Bond ETF,bond_ig,True,True,
HDEF,Xtrackers MSCI EAFE High Dividend Yield Equity ETF,intl_equity,True,True,
HDV,iShares Core High Dividend ETF,us_factor,True,True,
HEDJ,WisdomTree Europe Hedged Equity Fund,option_overlay,True,False,option-overlay structure caps upside vs SPY
HELO,JPMorgan Hedged Equity Laddered Overlay ETF,option_overlay,True,False,option-overlay structure caps upside vs SPY
HFXI,NYLI FTSE International Equity Currency Neutral ETF,intl_equity,True,True,
HMOP,Hartford Municipal Opportunities ETF,bond_muni,True,True,
HOLA,JPMorgan International Hdgd Eqty Ldrd Overlay ETF,option_overlay,True,False,option-overlay structure caps upside vs SPY
HTAB,Hartford Schroders Tax-Aware Bond ETF,bond_muni,True,True,
HTRB,Hartford Total Return Bond ETF,bond_ig,True,True,
HYBB,iShares BB Rated Corporate Bond ETF,bond_ig,True,True,
HYBL,SPDR Blackstone High Income ETF,bond_ig,True,True,
HYD,VanEck High Yield Muni ETF,bond_muni,True,True,
HYDB,iShares High Yield Systematic Bond ETF,bond_hy,True,True,
HYDW,Xtrackers Low Beta High Yield Bond ETF,bond_hy,True,True,
HYEM,VanEck Emerging Markets High Yield Bond ETF,bond_hy,True,True,
HYFI,AB High Yield ETF,bond_hy,True,True,
HYG,iShares iBoxx $ High Yield Corporate Bond ETF,bond_hy,True,True,
HYGV,FlexShares High Yield Value-Scored Bond Index Fund,bond_hy,True,True,
HYLB,Xtrackers USD High Yield Corporate Bond ETF,bond_hy,True,True,
HYLD,iShares Global High Yield Corp Bond UCITS,bond_hy,False,False,non-US listing / not tradable on US exchange
HYLS,First Trust Exchange-Traded Fund IV First Trust Tactical High Yield ETF,bond_hy,True,True,
HYMB,SPDR Nuveen Bloomberg High Yield Municipal Bond ETF,bond_muni,True,True,
HYS,PIMCO 0-5 Year High Yield Corporate Bond Index Exchange-Traded Fund,bond_hy,True,True,
HYXF,iShares ESG Advanced High Yield Corporate Bond ETF,bond_hy,True,True,
IAGG,iShares Core International Aggregate Bond (Australia),bond_ig,False,False,non-US listing / not tradable on US exchange
IBD,Inspire Corporate Bond ETF,bond_ig,True,True,
IBDQ,iShares iBonds Dec 2025 Term Corporate ETF,bond_ig,True,True,
IBDR,iShares iBonds Dec 2026 Term Corporate ETF,bond_ig,True,True,
IBDS,iShares iBonds Dec 2027 Term Corporate ETF,bond_ig,True,True,
IBDT,iShares iBonds Dec 2028 Term Corporate ETF,bond_ig,True,True,
IBDU,iShares iBonds Dec 2029 Term Corporate ETF,bond_ig,True,True,
IBDV,iShares iBonds Dec 2030 Term Corporate ETF,bond_ig,True,True,
IBDW,iShares iBonds Dec 2031 Term Corporate ETF,bond_ig,True,True,
IBDX,iShares iBonds Dec 2032 Term Corporate ETF,bond_ig,True,True,
IBDY,iShares iBonds Dec 2033 Term Corporate ETF,bond_ig,True,True,
IBDZ,iShares iBonds Dec 2034 Term Corporate ETF,bond_ig,True,True,
IBHE,iShares iBonds 2025 Term High Yield and Income ETF,bond_hy,True,True,
IBHF,iShares iBonds 2026 Term High Yield and Income ETF,bond_hy,True,True,
IBHG,iShares iBonds 2027 Term High Yield and Income ETF,bond_hy,True,True,
IBHH,iShares iBonds 2028 Term High Yield and Income ETF,bond_hy,True,True,
IBHI,iShares iBonds 2029 Term High Yield and Income ETF,bond_hy,True,True,
IBMN,iShares iBonds Dec 2025 Term Muni Bond,bond_muni,True,True,
IBMO,iShares iBonds Dec 2026 Term Muni Bond ETF,bond_muni,True,True,
IBMP,iShares iBonds Dec 2027 Term Muni Bond ETF,bond_muni,True,True,
IBMQ,iShares iBonds Dec 2028 Term Muni Bond ETF,bond_muni,True,True,
IBMR,iShares iBonds Dec 2029 Term Muni Bond ETF,bond_muni,True,True,
IBND,SPDR Bloomberg International Corporate Bond ETF,bond_ig,True,True,
IBTG,iShares iBonds Dec 2026 Term Treasury,bond_treasury,True,True,
IBUY,Amplify Online Retail ETF,sector_thematic,True,True,
ICLO,Invesco AAA CLO Floating Rate Note ETF,bond_clo_loan,True,True,
ICOW,Pacer Developed Markets International Cash Cows 100 ETF,intl_equity,True,True,
ICSH,iShares Ultra Short-Term Bond Active ETF,bond_ig,True,True,
ICVT,iShares Convertible Bond ETF,bond_ig,True,True,
IDEV,iShares Core MSCI International Developed Markets ETF,intl_equity,True,True,
IDHQ,Invesco S&P International Developed Quality ETF,intl_equity,True,True,
IDLV,Invesco S&P International Developed Low Volatility ETF,intl_equity,True,True,
IDMO,Invesco S&P International Developed Momentum ETF,intl_equity,True,True,
IDOG,ALPS International Sector Dividend Dogs ETF,intl_equity,True,True,
IDRV,iShares Self-Driving EV and Tech ETF,sector_thematic,True,True,
IDTL,iShares $ Treasury Bond 20+yr UCITS,bond_treasury,False,False,non-US listing / not tradable on US exchange
IDUS,iShares Core S&P 500 UCITS ETF,us_core,False,False,non-US listing / not tradable on US exchange
IDV,iShares International Select Dividend ETF,intl_equity,True,True,
IDVO,Amplify CWP International Enhanced Dividend Income ETF,bond_ig,True,True,
IEAC,iShares Core EUR Corp Bond UCITS ETF EUR,bond_ig,False,False,non-US listing / not tradable on US exchange
IEF,iShares 7-10 Year Treasury Bond,bond_treasury,True,True,
IEFA,iShares Core MSCI EAFE ETF,intl_equity,True,True,
IEI,iShares 3-7 Year Treasury Bond ETF,bond_treasury,True,True,
IEMG,iShares Core MSCI Emerging Markets ETF,em_equity,True,True,
IEML,iShares JP Morgan EM Local Government Bond UCITS ETF,bond_treasury,False,False,non-US listing / not tradable on US exchange
IEUR,iShares Core MSCI Europe ETF,intl_equity,True,True,
IEUX,iShares MSCI Europe ex UK UCITS,intl_equity,False,False,non-US listing / not tradable on US exchange
IEV,iShares Europe ETF,intl_equity,True,True,
IFFF,iShares MSCI AC Far East ex-Japan,intl_equity,False,False,non-US listing / not tradable on US exchange
IGEB,iShares Investment Grade Systematic Bond ETF,bond_ig,True,True,
IGIB,iShares 5-10 Year Investment Grade Corporate Bond ETF,bond_ig,True,True,
IGLB,iShares 10+ Year Investment Grade Corporate Bond ETF,bond_ig,True,True,
IGLO,iShares Global Govt Bond UCITS,bond_treasury,False,False,non-US listing / not tradable on US exchange
IGM,iShares Expanded Tech Sector ETF,sector_thematic,True,True,
IGOV,iShares International Treasury Bond ETF,bond_treasury,True,True,
IGPT,Invesco AI and Next Gen Software ETF,sector_thematic,True,True,
IGRO,iShares International Dividend Growth ETF,intl_equity,True,True,
IGSB,iShares 1-5 Year Investment Grade Corporate Bond ETF,bond_ig,True,True,
IGV,iShares Expanded Tech-Software Sector ETF,sector_thematic,True,True,
IGWD,iShares MSCI World Monthly GBP Hedged,intl_equity,False,False,non-US listing / not tradable on US exchange
IHDG,WisdomTree International Hedged Quality Dividend Growth Fund,intl_equity,True,True,
IHYG,iShares EUR High Yield Corp Bond UCITS ETF,bond_hy,False,False,non-US listing / not tradable on US exchange
IJH,iShares Core S&P Mid-Cap ETF,us_small_mid,True,True,
IJJ,iShares S&P Mid-Cap 400 Value ETF,us_small_mid,True,True,
IJK,iShares S&P Mid-Cap 400 Growth ETF,us_small_mid,True,True,
IJR,iShares Core S&P Small-Cap ETF,us_small_mid,True,True,
IJS,iShares S&P Small-Cap 600 Value ETF,us_small_mid,True,True,
IJT,iShares S&P Small-Cap 600 Growth ETF,us_small_mid,True,True,
ILCB,iShares Morningstar U.S. Equity ETF,us_core,True,True,
ILCV,iShares Morningstar Value ETF,us_factor,True,True,
ILTB,iShares Core 10+ Year USD Bond ETF,bond_ig,True,True,
IMCB,iShares Morningstar Mid-Cap ETF,us_small_mid,True,True,
IMCG,iShares Morningstar Mid-Cap Growth ETF,us_small_mid,True,True,
IMCV,iShares Morningstar Mid-Cap Value ETF,us_small_mid,True,True,
IMEU,iShares MSCI Europe,intl_equity,False,False,non-US listing / not tradable on US exchange
IMFL,Invesco International Developed Dynamic Multifactor ETF,intl_equity,True,True,
IMTB,iShares Core 5-10 Year USD Bond ETF,bond_ig,True,True,
IMTM,iShares MSCI Intl Momentum Factor ETF,us_factor,True,True,
INAA,iShares MSCI North America UCITS,us_equity_other,False,False,non-US listing / not tradable on US exchange
INCM,Franklin Income Focus ETF,us_equity_other,True,True,
INDA,iShares MSCI India ETF,em_equity,True,True,
INTF,iShares International Equity Factor ETF,intl_equity,True,True,
IPAC,iShares Core MSCI Pacific ETF,intl_equity,True,True,
IPKW,Invesco International BuyBack Achievers ETF,intl_equity,True,True,
IQDF,FlexShares International Quality Dividend Index Fund,intl_equity,True,True,
IQDG,WisdomTree International Quality Dividend Growth Fund,intl_equity,True,True,
IQLT,iShares MSCI Intl Quality Factor ETF,us_factor,True,True,
ISCF,iShares International Small-Cap Equity Factor ETF,intl_equity,True,True,
ISCG,iShares Morningstar Small-Cap Growth ETF,us_small_mid,True,True,
ISCV,iShares Morningstar Small-Cap Value ETF,us_small_mid,True,True,
ISHG,iShares 1-3 Year International Treasury Bond ETF,bond_treasury,True,True,
ISJP,iShares Core MSCI Japan Small Cap UCITS,intl_equity,False,False,non-US listing / not tradable on US exchange
ISTB,iShares Core 1-5 Year USD Bond ETF,bond_ig,True,True,
ITE4,SPDR Barclays Intermediate Term Treasury,bond_treasury,False,False,non-US listing / not tradable on US exchange
ITM,VanEck Intermediate Muni ETF,bond_muni,True,True,
ITOT,iShares Core S&P Total U.S. Stock Market ETF,us_equity_other,True,True,
IUS,Invesco RAFI Strategic US ETF,us_equity_other,True,True,
IUSA,iShares Core S&P 500 UCITS,us_core,False,False,non-US listing / not tradable on US exchange
IUSB,iShares Core Total USD Bond Market,bond_ig,True,True,
IUSE,iShares S&P 500 EUR Hedged UCITS,us_core,False,False,non-US listing / not tradable on US exchange
IUSV,iShares Core S&P U.S. Value ETF,us_factor,True,True,
IVE,iShares S&P 500 Value ETF,us_factor,True,True,
IVLU,iShares MSCI Intl Value Factor ETF,us_factor,True,True,
IVOG,Vanguard S&P Mid-Cap 400 Growth ETF,us_small_mid,True,True,
IVOO,Vanguard S&P Mid-Cap 400 ETF,us_small_mid,True,True,
IVOV,Vanguard S&P Mid-Cap 400 Value ETF,us_small_mid,True,True,
IVV,iShares Core S&P 500 ETF,us_core,True,True,
IVVB11,iShares S&P 500 FIC FI IE,us_core,False,False,non-US listing / not tradable on US exchange
IWB,iShares Russell 1000 ETF,us_core,True,True,
IWC,iShares Micro-Cap ETF,us_small_mid,True,True,
IWD,iShares Russell 1000 Value ETF,us_factor,True,True,
IWDA,iShares Core MSCI World UCITS ETF,intl_equity,False,False,non-US listing / not tradable on US exchange
IWDE,iShares MSCI World Monthly EUR Hedged,intl_equity,False,False,non-US listing / not tradable on US exchange
IWL,iShares Russell Top 200 ETF,us_core,True,True,
IWM,iShares Russell 2000 ETF,us_small_mid,True,True,
IWN,iShares Russell 2000 Value ETF,us_small_mid,True,True,
IWO,iShares Russell 2000 Growth ETF,us_small_mid,True,True,
IWP,iShares Russell Mid-Cap Growth ETF,us_small_mid,True,True,
IWR,iShares Russell Mid-Cap ETF,us_small_mid,True,True,
IWRD,iShares MSCI World UCITS,intl_equity,False,False,non-US listing / not tradable on US exchange
IWS,iShares Russell Mid-Cap Value ETF,us_small_mid,True,True,
IWV,iShares Russell 3000 ETF,us_core,True,True,
IWX,iShares Russell Top 200 Value ETF,us_factor,True,True,
IXUS,iShares Core MSCI Total International Stock ETF,intl_equity,True,True,
IYY,iShares Dow Jones U.S. ETF,us_core,True,True,
JAAA,Janus Henderson AAA CLO ETF,bond_clo_loan,True,True,
JAVA,JPMorgan Active Value ETF,us_factor,True,True,
JBBB,Janus Henderson B-BBB CLO ETF,bond_hy,True,True,
JBND,JPMorgan Active Bond ETF,bond_ig,True,True,
JCPB,JPMorgan Core Plus Bond ETF,bond_ig,True,True,
JCPI,JPMorgan Inflation Managed Bond ETF,bond_ig,True,True,
JCTR,JPMorgan Carbon Transition US Equity ETF,sector_thematic,True,True,
JEMA,JPMorgan ActiveBuilders Emerging Markets Equity ETF,em_equity,True,True,
JEPI,JPMorgan Equity Premium Income ETF,option_overlay,True,False,option-overlay structure caps upside vs SPY
JEPQ,JPMorgan Nasdaq Equity Premium Income ETF,option_overlay,True,False,option-overlay structure caps upside vs SPY
JGLO,JPMorgan Global Select Equity ETF,intl_equity,True,True,
JGRO,JPMorgan Active Growth ETF,us_factor,True,True,
JHEM,John Hancock Multifactor Emerging Markets ETF,em_equity,True,True,
JHMB,John Hancock Mortgage-Backed Securities ETF,bond_ig,True,True,
JHMD,John Hancock MultiFactor Developed International ETF,intl_equity,True,True,
JHML,John Hancock Multi-Factor Large Cap ETF,us_factor,True,True,
JHMM,John Hancock Multi-Factor Mid Cap ETF,us_small_mid,True,True,
JHPI,John Hancock Preferred Income,preferred,True,True,
JHSC,John Hancock Multifactor Small Cap ETF,us_small_mid,True,True,
JIG,JPMorgan International Growth ETF,intl_equity,True,True,
JIII,Janus Henderson Income Etf,bond_ig,True,True,
JIRE,JPMorgan International Research Enhanced Equity ETF,intl_equity,True,True,
JIVE,JPMorgan International Value ETF,intl_equity,True,True,
JMEE,JPMorgan Small & Mid Cap Enhanced Equity ETF,us_small_mid,True,True,
JMHI,JPMorgan High Yield Municipal ETF,bond_muni,True,True,
JMOM,JPMorgan US Momentum Factor ETF,us_factor,True,True,
JMSI,JPMorgan Sustainable Municipal Income ETF,bond_muni,True,True,
JMST,JPMorgan Ultra-Short Municipal Income ETF,bond_muni,True,True,
JMUB,JPMorgan Municipal ETF,bond_muni,True,True,
JNK,SPDR Bloomberg High Yield Bond ETF,bond_hy,True,True,
JOET,Virtus Terranova U.S. Quality Momentum ETF,us_factor,True,True,
JOYT,JPMorgan Equity and Options Total Return ETF,bond_ig,True,True,
JPEF,JPMorgan Equity Focus ETF,us_equity_other,True,True,
JPEM,JPMorgan Diversified Return Emerging Markets Equity ETF,em_equity,True,True,
JPIB,JPMorgan International Bond Opportunities ETF,bond_ig,True,True,
JPIE,JPMorgan Income ETF,bond_ig,True,True,
JPIN,JPMorgan Diversified Return International Equity ETF,intl_equity,True,True,
JPLD,JPMorgan Limited Duration Bond ETF,bond_ig,True,True,
JPMB,JPMorgan USD Emerging Markets Sovereign Bond ETF,bond_ig,True,True,
JPME,JPMorgan Diversified Return US Mid Cap Equity ETF,us_small_mid,True,True,
JPSE,JPMorgan Diversified Return US Small Cap Equity ETF,us_small_mid,True,True,
JPST,JPMorgan Ultra-Short Income ETF,bond_ig,True,True,
JPSV,JPMorgan Active Small Cap Value,us_small_mid,True,True,
JPUS,JPMorgan Diversified Return US Equity ETF,us_core,True,True,
JPXN,iShares JPX-Nikkei 400 ETF /US,intl_equity,True,True,
JQUA,JPMorgan US Quality Factor ETF,us_factor,True,True,
JREE,JPMorgan Europe REI ESG UCITS ETF,intl_equity,False,False,non-US listing / not tradable on US exchange
JREG,JPMorgan Global REI ESG UCITS ETF,intl_equity,False,False,non-US listing / not tradable on US exchange
JSCP,JPMorgan Short Duration Core Plus ETF,bond_ig,True,True,
JSMD,Janus Henderson Small/Mid Cap Growth Alpha ETF,us_small_mid,True,True,
JSML,Janus Henderson Small Cap Growth Alpha ETF,us_small_mid,True,True,
JTEK,JPMorgan US Tech Leaders ETF,sector_thematic,True,True,
JU13,JPMorgan BetaBuilders US Treasury Bond 1-3 Year UCITS,bond_treasury,False,False,non-US listing / not tradable on US exchange
JUSA,JPMorgan US Research Enhanced Large Cap ETF,us_core,True,True,
JVAL,JPMorgan US Value Factor ETF,us_factor,True,True,
KBA,KraneShares Bosera MSCI China A 50 Connect Index ETF,em_equity,True,True,
KIE,SPDR S&P Insurance ETF,sector_thematic,True,True,
KLMN,Invesco MSCI North America Climate ETF,sector_thematic,True,True,
KLMT,Invesco MSCI Global Climate 500 ETF,intl_equity,True,True,
KNG,FT Vest S&P 500 Dividend Aristocrats Target Income ETF,option_overlay,True,False,option-overlay structure caps upside vs SPY
KNO,AXS Knowledge Leaders ETF,us_equity_other,True,True,
KOMP,SPDR S&P Kensho New Economies Composite ETF,sector_thematic,True,True,
KORP,American Century Diversified Corporate Bond ETF,bond_ig,True,True,
KXI,iShares Global Consumer Staples ETF,intl_equity,True,True,
LCTD,BlackRock World ex U.S. Carbon Transition Readiness ETF,intl_equity,True,True,
LCTU,BlackRock U.S. Carbon Transition Readiness ETF,sector_thematic,True,True,
LEMB,iShares J.P. Morgan EM Local Currency Bond ETF,bond_ig,True,True,
LGLV,SPDR SSGA US Large Cap Low Volatility Index ETF,us_factor,True,True,
LMBS,First Trust Low Duration Opportunities,bond_ig,True,True,
LONZ,Pimco Senior Loan Active Exchange-Traded Fund,bond_clo_loan,True,True,
LQD,iShares iBoxx $ Investment Grade Corporate Bond ETF,bond_ig,True,True,
LQDE,iShares $ Corp Bond UCITS,bond_ig,False,False,non-US listing / not tradable on US exchange
LRGC,AB US Large Cap Strategic Equities ETF,us_core,True,True,
LRGF,iShares U.S. Equity Factor ETF,us_factor,True,True,
LTPZ,PIMCO 15+ YR US TIPS INDX,bond_tips,True,True,
LVHD,Franklin U.S. Low Volatility High Dividend Index ETF,us_factor,True,True,
MBB,iShares MBS ETF,bond_ig,True,True,
MBSF,Regan Floating Rate MBS ETF,bond_clo_loan,True,True,
MDY,SPDR S&P MidCap 400 ETF Trust,us_small_mid,True,True,
MDYG,SPDR S&P 400 Mid CapGrowth ETF,us_small_mid,True,True,
MDYV,SPDR S&P 400 Mid Cap Value ETF,us_small_mid,True,True,
MEAR,iShares Short Maturity Municipal Bond Active ETF,bond_muni,True,True,
MFDX,PIMCO RAFI Dynamic Multi-Factor International Equity ETF,intl_equity,True,True,
MFEM,PIMCO RAFI Dynamic Multi-Factor Emerging Market Equity,em_equity,True,True,
MFSI,MFS Active International ETF,intl_equity,True,True,
MFUS,PIMCO RAFI Dynamic Multi-Factor US Equity,us_factor,True,True,
MGC,Vanguard Mega Cap ETF,us_core,True,True,
MGNR,American Beacon GLG Natural Resources ETF,commodity,True,True,
MGV,Vanguard Mega Cap Value ETF,us_factor,True,True,
MIDD,iShares FTSE 250 UCITS,intl_equity,False,False,non-US listing / not tradable on US exchange
MINO,PIMCO Municipal Income Opportunities Active Exchange-Traded Fund,bond_muni,True,True,
MINT,PIMCO Enhanced Short Maturity Active Exchange-Traded Fund,bond_ig,True,True,
MLN,VanEck Long Muni ETF,bond_muni,True,True,
MMIN,NYLI MacKay Muni Insured ETF,bond_muni,True,True,
MMIT,NYLI MacKay Muni Intermediate ETF,bond_muni,True,True,
MNA,NYLI Merger Arbitrage ETF,sector_thematic,True,True,
MOAT,VanEck Morningstar Wide Moat ETF,us_factor,True,True,
MODL,Victoryshares Westend US Sector ETF,us_equity_other,True,True,
MSLC,Morgan Stanley Pathway Large Cap Equity ETF,us_core,True,True,
MSSM,Morgan Stanley Pathway Small-Mid Cap Equity ETF,us_small_mid,True,True,
MTUM,iShares MSCI USA Momentum Factor ETF,us_factor,True,True,
MUB,iShares National Muni Bond ETF,bond_muni,True,True,
MUNI,PIMCO Intermediate Municipal Bond Active Exchange-Traded Fund,bond_muni,True,True,
MUST,Columbia Multi-Sector Municipal Income ETF,bond_muni,True,True,
MVEU,iShares MSCI Europe Minimum Volatility UCITS,intl_equity,False,False,non-US listing / not tradable on US exchange
MVOL,iShares Edge MSCI World Minimum Volatility UCITS,intl_equity,False,False,non-US listing / not tradable on US exchange
NBSM,Neuberger Berman Small-Mid Cap ETF,us_small_mid,True,True,
NEAR,iShares Short Maturity Bond ET,bond_ig,True,True,
NETFMID150,n India ETF Nifty Midcap 150,em_equity,False,False,non-US listing / not tradable on US exchange
NFLT,Virtus Newfleet Multi-Sector Bond ETF,bond_ig,True,True,
NFTY,First Trust India Nifty 50 Equ,em_equity,True,True,
NHYM,Nuveen High Yield Municipal Bond ETF,bond_muni,True,True,
NOBL,ProShares S&P 500 Dividend Aristocrats ETF,us_factor,True,True,
NTSX,WisdomTree US Efficient Core F,us_equity_other,True,True,
NUBD,Nuveen ESG US Aggregate Bond ETF,bond_ig,True,True,
NUDM,Nuveen ESG International Developed Markets Equity ETF,intl_equity,True,True,
NULV,Nuveen ESG Large-Cap Value ETF,us_factor,True,True,
NUMV,Nuveen ESG Mid-Cap Value ETF,us_small_mid,True,True,
NUSC,Nuveen ESG Small-Cap ETF,us_small_mid,True,True,
NYF,iShares New York Muni Bond ETF,bond_muni,True,True,
OEF,iShares S&P 100 ETF,us_core,True,True,
OMFL,Invesco Russell 1000 Dynamic Multifactor ETF,us_factor,True,True,
OMFS,Invesco Russell 2000 Dynamic Multifactor ETF,us_small_mid,True,True,
ONEY,SPDR Russell 1000 Yield Focus ETF,us_core,True,True,
OSCV,Opus Small Cap Value ETF,us_small_mid,True,True,
OUSA,ALPS O'Shares U.S. Quality Dividend ETF,us_factor,True,True,
OUSM,ALPS O'Shares U.S. Small-Cap Quality Dividend ETF,us_small_mid,True,True,
PAAA,PGIM AAA CLO ETF,bond_clo_loan,True,True,
PABD,iShares Paris-Aligned Climate MSCI World EX USA ETF,intl_equity,True,True,
PABU,iShares Paris-Aligned Climate MSCI USA ETF,sector_thematic,True,True,
PALC,Pacer Lunt Large Cap Multi-Factor Alternator ETF,us_factor,True,True,
PAPI,Parametric Equity Premium Income ETF,option_overlay,True,False,option-overlay structure caps upside vs SPY
PBP,Invesco S&P 500 BuyWrite ETF,option_overlay,True,False,option-overlay structure caps upside vs SPY
PBUS,Invesco MSCI USA ETF,us_equity_other,True,True,
PCEF,Invesco CEF Income Composite ETF,us_equity_other,True,True,
PCMM,BondBloxx Private Credit CLO ETF,bond_clo_loan,True,True,
PCY,Invesco Emerging Markets Sovereign Debt ETF,em_equity,True,True,
PDN,Invesco RAFI Developed Markets ex-US Small-Mid ETF,intl_equity,True,True,
PDP,Invesco Dorsey Wright Momentum ETF,us_factor,True,True,
PEY,Invesco High Yield Equity Dividend Achievers ETF,bond_hy,True,True,
PFF,iShares Preferred and Income Securities ETF,preferred,True,True,
PFFA,Virtus InfraCap U.S. Preferred Stock ETF,preferred,True,True,
PFFD,Global X US Preferred ETF,preferred,True,True,
PFFV,Global X Variable Rate Preferred ETF,preferred,True,True,
PFLD,AAM Low Duration Preferred and Income Securities ETF,bond_ig,True,True,
PFM,Invesco Exchange-Traded Fund Trust - Invesco Dividend Achievers Etf,us_factor,True,True,
PFXF,Vanguard FTSE Developed Markets ETF,intl_equity,True,True,
PGF,Invesco Financial Preferred ETF,preferred,True,True,
PGHY,Invesco Global Ex US High Yield Corporate Bond ETF,bond_hy,True,True,
PGJ,Invesco Golden Dragon China ETF,commodity,True,True,
PGX,Invesco Preferred ETF,preferred,True,True,
PHB,Invesco Fundamental High Yield Corporate Bond ETF,bond_hy,True,True,
PHYL,PGIM Active High Yield Bond ETF,bond_hy,True,True,
PID,Invesco International Dividend Achievers ETF,intl_equity,True,True,
PIE,Invesco DWA Emerging Markets Momentum,em_equity,True,True,
PIN,Invesco India Exchange-Traded Fund Trust,em_equity,True,True,
PIZ,Invesco Dorsey Wright Developed Markets Momentum ETF,intl_equity,True,True,
PKW,Invesco BuyBack Achievers ETF,us_factor,True,True,
PLDR,Putnam Sustainable Leaders ETF,us_equity_other,True,True,
PLW,PowerShares 1-30 Laddered Treasury Portfolio,bond_treasury,True,True,
PMBS,PIMCO Mortgage-Backed Securities Active Exchange-Traded Fund,bond_ig,True,True,
PNQI,Invesco Nasdaq Internet ETF,sector_thematic,True,True,
PREF,Principal Spectrum Preferred Securities Active ETF,preferred,True,True,
PRF,Invesco RAFI US 1000 ETF,us_equity_other,True,True,
PRFZ,Invesco RAFI US 1500 Small-Mid ETF,us_small_mid,True,True,
PSC,Principal US Small-Cap ETF,us_small_mid,True,True,
PSK,SPDR ICE Preferred Securities ETF,preferred,True,True,
PSP,Invesco Global Listed Private Equity ETF,intl_equity,True,True,
PTL,Inspire 500 ETF,us_core,True,True,
PTRB,PGIM Total Return Bond ETF,bond_ig,True,True,
PULS,PGIM Ultra Short Bond ETF,bond_ig,True,True,
PULT,Putnam ESG Ultra Short ETF,bond_ig,True,True,
PWB,Invesco Large Cap Growth ETF,us_factor,True,True,
PWV,Invesco Large Cap Value ETF,us_factor,True,True,
PWZ,Invesco California AMT-Free Municipal Bond ETF,bond_muni,True,True,
PXF,Invesco RAFI Developed Markets ex-US ETF,intl_equity,True,True,
PXH,Invesco RAFI Emerging Markets ETF,em_equity,True,True,
PY,Principal Value ETF,us_factor,True,True,
PYLD,PIMCO Multisector Bond Active ETF,bond_ig,True,True,
PZA,Invesco National AMT-Free Municipal Bond ETF,bond_muni,True,True,
QABA,First Trust NASDAQ ABA Community Bank Index Fund,bond_muni,True,True,
QDF,FlexShares Quality Dividend Index Fund,us_factor,True,True,
QDPL,Pacer Metaurus US Large Cap Target Dividend 400 ETF,us_factor,True,True,
QEFA,SPDR MSCI EAFE StrategicFactors ETF,intl_equity,True,True,
QFLR,Innovator Nasdaq-100 Managed Floor ETF,option_overlay,True,False,option-overlay structure caps upside vs SPY
QGRO,American Century US Quality Growth ETF,us_factor,True,True,
QINT,American Century Quality Diversified International ETF,intl_equity,True,True,
QLC,FlexShares US Quality Large Cap Index Fund,us_factor,True,True,
QLTA,iShares Aaa - A Rated Corporate Bond ETF,bond_ig,True,True,
QMOM,Alpha Architect US Quantitative Momentum ETF,us_factor,True,True,
QQEW,First Trust Exchange-Traded Fund-First Trust Nasdaq-100 Equal Weighted Index SM,us_factor,True,True,
QQQ,Invesco QQQ Trust Series 1,us_core,True,True,
QQQE,Direxion NASDAQ-100 Equal Weighted Index Shares,us_factor,True,True,
QQQH,NEOS Nasdaq-100 Hedged Equity Income ETF,option_overlay,True,False,option-overlay structure caps upside vs SPY
QQQI,Neos Nasdaq-100 High Income ETF,bond_ig,True,True,
QQQJ,Invesco Nasdaq Next Gen 100 ETF,us_equity_other,True,True,
QQQM,Invesco Nasdaq 100 ETF,us_core,True,True,
QTUM,Defiance Quantum ETF,sector_thematic,True,True,
QUAL,iShares MSCI USA Quality Factor ETF,us_factor,True,True,
QUS,SPDR MSCI USA StrategicFactors ETF,us_factor,True,True,
QVAL,Alpha Architect US Quantitative Value ETF,us_factor,True,True,
QYLD,Global X Nasdaq 100 Covered Call ETF,option_overlay,True,False,option-overlay structure caps upside vs SPY
QYLG,Global X Nasdaq 100 Covered Call & Growth ETF,option_overlay,True,False,option-overlay structure caps upside vs SPY
RAVI,FlexShares Ultra-Short Income Fund,bond_ig,True,True,
RDIV,Invesco S&P Ultra Dividend Revenue ETF,us_factor,True,True,
RDVI,FT Vest Rising Dividend Achievers Target Income ETF,option_overlay,True,False,option-overlay structure caps upside vs SPY
RDVY,First Trust Rising Dividend Achievers ETF,us_factor,True,True,
RECS,Columbia Research Enhanced Core ETF,us_equity_other,True,True,
REET,iShares Global REIT ETF,real_estate,True,True,
REGL,Proshares S&P Midcap 400 Dividend Aristocrats ETF,us_small_mid,True,True,
RFV,Invesco S&P MidCap 400 Pure Value ETF,us_small_mid,True,True,
RIET,Hoya Capital High Dividend Yield ETF,us_factor,True,True,
RIGS,Riverfront Strategic Income Fund,us_equity_other,True,True,
RISR,FolioBeyond Alternative Income and Interest Rate Hedge ETF,us_equity_other,True,True,
RMOP,Rockefeller Opportunistic Municipal Bond ETF,bond_muni,True,True,
ROBO,ROBO Global Robotics and Automation Index ETF,intl_equity,True,True,
ROBT,First Trust Nasdaq Artificial Intelligence and Robotics ETF,sector_thematic,True,True,
ROCQ,JPMorgan Nasdaq Equity Premium Yield ETF,option_overlay,True,False,option-overlay structure caps upside vs SPY
ROCY,JPMorgan Equity Premium Yield ETF,option_overlay,True,False,option-overlay structure caps upside vs SPY
RODM,Hartford Multifactor Developed Markets ex-US ETF,intl_equity,True,True,
ROE,Astoria US Equal Weight Quality Kings ETF,us_factor,True,True,
ROUS,Hartford Multifactor US Equity ETF,us_factor,True,True,
RPG,Invesco S&P 500 Pure Growth ETF,us_factor,True,True,
RPV,Invesco Exchange-Traded Fund Trust - Invesco S&P 500 Pure Value ETF,us_factor,True,True,
RSP,Invesco S&P 500 Equal Weight ETF,us_factor,True,True,
RSPD,Invesco S&P 500 Equal Weight Consumer Discretionary ETF,sector_thematic,True,True,
RSSL,Global X Russell 2000 ETF,intl_equity,True,True,
RUNN,Running Oak Efficient Growth ETF,us_factor,True,True,
RWJ,Invesco S&P Smallcap 600 Revenue ETF,us_small_mid,True,True,
RWK,Invesco S&P Midcap 400 Revenue ETF,us_small_mid,True,True,
RWL,Invesco S&P 500 Revenue ETF,us_factor,True,True,
RWR,SPDR Dow Jones REIT ETF,real_estate,True,True,
SCHA,Schwab US Small-Cap ETF,us_small_mid,True,True,
SCHB,Schwab US Broad Market ETF,us_core,True,True,
SCHC,Schwab International Small-Cap Equity ETF,intl_equity,True,True,
SCHD,Schwab US Dividend Equity ETF,us_factor,True,True,
SCHE,Schwab Emerging Markets Equity ETF,em_equity,True,True,
SCHF,Schwab International Equity ETF,intl_equity,True,True,
SCHH,Schwab U.S. REIT ETF,real_estate,True,True,
SCHI,Schwab 5-10 Year Corporate Bond ETF,bond_ig,True,True,
SCHJ,Schwab 1-5 Year Corporate Bond ETF,bond_ig,True,True,
SCHK,Schwab 1000 Index ETF,us_core,True,True,
SCHM,Schwab U.S. Mid-Cap ETF,us_small_mid,True,True,
SCHO,Schwab Short-Term U.S. Treasury ETF,bond_treasury,True,True,
SCHP,Schwab US TIPS ETF,bond_tips,True,True,
SCHQ,Schwab Long-Term U.S. Treasury ETF,bond_treasury,True,True,
SCHR,Schwab Intermediate-Term U.S. Treasury ETF,bond_treasury,True,True,
SCHV,Schwab U.S. Large-Cap Value ETF,us_factor,True,True,
SCHX,Schwab US Large-Cap ETF,us_core,True,True,
SCHY,Schwab International Dividend Equity ETF,intl_equity,True,True,
SCHZ,Schwab U.S. Aggregate Bond ETF,bond_ig,True,True,
SCJ,iShares MSCI Japan Small-Cap ETF,intl_equity,True,True,
SCMB,Schwab Municipal Bond ETF,bond_muni,True,True,
SCUS,Schwab Ultra-Short Income ETF,bond_ig,True,True,
SCYB,Schwab High Yield Bond ETF,bond_hy,True,True,
SCZ,iShares MSCI EAFE Small-Cap ETF,intl_equity,True,True,
SDG,iShares MSCI Global Sustainable Development Goals ETF,intl_equity,True,True,
SDHY,iShares $ Short Duration High Yield Corp Bond UCITS,bond_hy,False,False,non-US listing / not tradable on US exchange
SDIG,iShares $ Short Duration Corp Bond UCITS,bond_ig,False,False,non-US listing / not tradable on US exchange
SDIV,Global X SuperDividend ETF,intl_equity,True,True,
SDOG,ALPS Sector Dividend Dogs ETF,us_factor,True,True,
SDVD,FT Vest SMID Rising Dividend Achievers Target Income ETF,option_overlay,True,False,option-overlay structure caps upside vs SPY
SDVY,First Trust SMID Cap Rising Dividend Achievers ETF,us_small_mid,True,True,
SDY,SPDR S&P Dividend ETF,us_factor,True,True,
SEIE,SEI Select International Equity ETF,intl_equity,True,True,
SEIM,SEI Enhanced US Large Cap Momentum Factor ETF,us_factor,True,True,
SEIV,SEI Enhanced US Large Cap Value Factor ETF,us_factor,True,True,
SEIX,Virtus Seix Senior Loan ETF,bond_clo_loan,True,True,
SFLO,VictoryShares Small Cap Free Cash Flow ETF,us_small_mid,True,True,
SFLR,Innovator Equity Managed Floor ETF,option_overlay,True,False,option-overlay structure caps upside vs SPY
SFYX,Sofi Next 500 ETF,us_small_mid,True,True,
SGOV,iShares 0-3 Month Treasury Bond,bond_treasury,True,True,
SHM,SPDR Nuveen Bloomberg Short Term Municipal Bond ETF,bond_muni,True,True,
SHV,iShares Short Treasury Bond ETF,bond_treasury,True,True,
SHY,iShares 1-3 Year Treasury Bond ETF,bond_treasury,True,True,
SHYD,VanEck Short High Yield Muni ETF,bond_muni,True,True,
SHYG,iShares 0-5 Year High Yield Corporate Bond ETF,bond_hy,True,True,
SHYL,Xtrackers Short Duration High Yield Bond ETF,bond_hy,True,True,
SHYM,iShares High Yield Muni Income Active ETF,bond_muni,True,True,
SHYU,iShares $ High Yield Corp Bond UCITS,bond_hy,False,False,non-US listing / not tradable on US exchange
SIHY,Harbor Scientific Alpha High-Yield ETF,us_equity_other,True,True,
SILJ,Amplify Junior Silver Miners ETF,commodity,True,True,
SIXA,ETC 6 Meridian Mega Cap Equity ETF,us_core,True,True,
SIXH,ETC 6 Meridian Hedged Equity Index Option ETF,option_overlay,True,False,option-overlay structure caps upside vs SPY
SIZE,iShares MSCI USA Size Factor ETF,us_factor,True,True,
SJNK,SPDR Bloomberg Short Term High Yield Bond ETF,bond_hy,True,True,
SJPA,iShares Core MSCI Japan IMI UCITS,intl_equity,False,False,non-US listing / not tradable on US exchange
SKOR,FlexShares Credit-Scored US Corporate Bond Index Fund,bond_ig,True,True,
SLQD,iShares 0-5 Year Investment Grade Corporate Bond ETF,bond_ig,True,True,
SLXX,iShares Core GBP Corp Bond UCITS ETF EUR,bond_ig,False,False,non-US listing / not tradable on US exchange
SLYG,SPDR S&P 600 Small Cap Growth ETF,us_small_mid,True,True,
SLYV,SPDR S&P 600 Small CapValue ETF,us_small_mid,True,True,
SMB,VanEck Short Muni ETF,bond_muni,True,True,
SMDV,Proshares Trust-Proshares Russell 2000 Dividend Growers ETF,us_small_mid,True,True,
SMIG,Bahl & Gaynor Small/Mid Cap Income Growth ETF,us_small_mid,True,True,
SMIN,iShares MSCI India Small-Cap ETF,em_equity,True,True,
SMLF,iShares U.S. Small-Cap Equity Factor ETF,us_small_mid,True,True,
SMMU,PIMCO Short Term Municipal Bond Active Exchange-Traded Fund,bond_muni,True,True,
SMMV,iShares MSCI USA Small-Cap Min Vol Factor ETF,us_small_mid,True,True,
SMOT,Vaneck Morningstar SMID Moat ETF,us_small_mid,True,True,
SMTH,Alps Smith Core Plus Bond ETF,bond_ig,True,True,
SNPE,Xtrackers S&P 500 Scored & Screened ETF,us_core,True,True,
SPAB,SPDR Portfolio Aggregate Bond ETF,bond_ig,True,True,
SPBO,SPDR Portfolio Corporate Bond,bond_ig,True,True,
SPDW,SPDR Portfolio Developed World ex-US ETF,intl_equity,True,True,
SPEM,SPDR Portfolio Emerging Markets ETF,em_equity,True,True,
SPEU,SPDR Portfolio Europe ETF,intl_equity,True,True,
SPGM,SPDR Portfolio MSCI Global Stock Market ETF,intl_equity,True,True,
SPGP,Invesco S&P 500 GARP ETF,us_factor,True,True,
SPHB,Invesco S&P 500 High Beta ETF,us_factor,True,True,
SPHD,Invesco S&P 500 High Dividend Low Volatility ETF,us_factor,True,True,
SPHQ,Invesco Exchange-Traded Fund Trust - Invesco S&P 500 Quality Etf,us_factor,True,True,
SPHY,SPDR Portfolio High Yield Bond ETF,bond_hy,True,True,
SPIB,SPDR Portfolio Intermediate Term Corporate Bond ETF,bond_ig,True,True,
SPIP,SPDR Portfolio TIPS ETF,bond_tips,True,True,
SPLB,SPDR Portfolio Long Term Corporate Bond ETF,bond_ig,True,True,
SPLV,Invesco S&P 500 Low Volatility ETF,us_factor,True,True,
SPMB,SPDR Portfolio Mortgage Backed Bond ETF,bond_ig,True,True,
SPMD,SPDR Portfolio S&P 400 Mid Cap ETF,us_small_mid,True,True,
SPMO,Invesco S&P 500 Momentum ETF,us_factor,True,True,
SPSB,SPDR Portfolio Short Term Corporate Bond ETF,bond_ig,True,True,
SPSK,SP Funds Dow Jones Global Sukuk ETF,bond_ig,True,True,
SPSM,SPDR Portfolio S&P 600 Small Cap ETF,us_small_mid,True,True,
SPTI,SPDR Portfolio Intermediate Term Treasury ETF,bond_treasury,True,True,
SPTL,SPDR Portfolio Long Term Treasury ETF,bond_treasury,True,True,
SPTM,SPDR Portfolio S&P 1500 Composite Stock Market ETF,us_core,True,True,
SPTS,SPDR Portfolio Short Term Treasury ETF,bond_treasury,True,True,
SPXS,Invesco S&P 500 UCITS ETF,us_core,False,False,non-US listing / not tradable on US exchange
SPY,SPDR S&P 500 ETF Trust,us_core,True,True,
SPY4,SPDR S&P 400 US Mid-Cap UCITS,us_small_mid,False,False,non-US listing / not tradable on US exchange
SPYD,SPDR Portfolio S&P 500 High Dividend ETF,us_factor,True,True,
SPYI,Neos S&P 500 High Income ETF,bond_ig,True,True,
SPYM,SPDR Portfolio S&P 500 ETF,us_core,True,True,
SPYV,SPDR Portfolio S&P 500 Value ETF,us_factor,True,True,
SPYX,SPDR S&P 500 Fossil Fuel Reserves Free ETF,us_core,True,True,
SRLN,SPDR Blackstone Senior Loan ETF,bond_clo_loan,True,True,
SSAC,iShares MSCI ACWI UCITS,intl_equity,False,False,non-US listing / not tradable on US exchange
STIP,iShares 0-5 Year TIPS Bond,bond_tips,True,True,
STOT,SPDR DoubleLine Short Duration Total Return Tactical ETF,bond_ig,True,True,
STRV,Strive 500 ETF,us_core,True,True,
SUAG,iShares U.S. Aggregate Bond UCITS,bond_ig,False,False,non-US listing / not tradable on US exchange
SUB,iShares Short-Term National Muni Bond ETF,bond_muni,True,True,
SUSA,iShares MSCI USA ESG Select ETF,us_equity_other,True,True,
SUSB,iShares ESG Aware 1-5 Year USD Corporate Bond ETF,bond_ig,True,True,
SUSC,iShares ESG Aware USD Corporate Bond ETF,bond_ig,True,True,
SWDA,iShares Core MSCI World UCITS,intl_equity,False,False,non-US listing / not tradable on US exchange
SXXPIEX,iShares STOXX Europe 600 UCITS,intl_equity,False,False,non-US listing / not tradable on US exchange
SYFI,AB Short Duration High Yield ETF,bond_hy,True,True,
SYLD,Cambria Shareholder Yield ETF,us_factor,True,True,
TAFI,AB Tax Aware Short Duration Municipal ETF,bond_muni,True,True,
TAFM,AB Tax-Aware Intermediate Municipal ETF,bond_muni,True,True,
TAGG,T Rowe Price QM US Bond ETF,bond_ig,True,True,
TAXF,American Century Diversified Municipal Bond ETF,bond_muni,True,True,
TBLL,Invesco Short Term Treasury ETF,bond_treasury,True,True,
TBUX,T Rowe Price Ultra Short-Term Bond ETF,bond_ig,True,True,
TCAF,T Rowe Price Capital Appreciation Equity ETF,us_equity_other,True,True,
TDVG,T Rowe Price Dividend Growth ETF,us_factor,True,True,
TECB,iShares U.S. Tech Breakthrough Multisector ETF,sector_thematic,True,True,
TEMP,JPMorgan Climate Change Solutions,sector_thematic,True,True,
TFI,SPDR Nuveen Bloomberg Municipal Bond ETF,bond_muni,True,True,
TFLO,iShares Treasury Floating Rate Bond ETF,bond_treasury,True,True,
TFLR,T Rowe Price Floating Rate ETF,bond_clo_loan,True,True,
THD,iShares MSCI Thailand ETF,em_equity,True,True,
THNQ,Robo Global Artificial Intelligence ETF,intl_equity,True,True,
THRO,iShares U.S. Thematic Rotation Active ETF,us_equity_other,True,True,
THYF,T Rowe Price US High Yield ETF,bond_hy,True,True,
TILT,FlexShares Morningstar US Market Factor Tilt Index Fund,us_factor,True,True,
TIP,iShares TIPS Bond ETF,bond_tips,True,True,
TLH,iShares 10-20 Year Treasury Bond ETF,bond_treasury,True,True,
TLT,iShares 20+ Year Treasury Bond,bond_treasury,True,True,
TLTD,FlexShares Morningstar Developed Markets ex-US Factor Tilt Index Fund,intl_equity,True,True,
TMFC,Motley Fool 100 Index ETF,us_equity_other,True,True,
TMSL,T.Rowe Price Small-Mid Cap ETF,us_small_mid,True,True,
TOTL,SPDR DoubleLine Total Return Tactical,bond_ig,True,True,
TOUS,T Rowe Price International Equity ETF,intl_equity,True,True,
TPHD,Timothy Plan High Dividend Stock ETF,us_factor,True,True,
TPLC,TIMOTHY PLAN - Timothy Plan US Large/Mid Cap Core ETF,us_small_mid,True,True,
TSME,Thrivent Small-Mid Cap Equity ETF,us_small_mid,True,True,
TSPA,T Rowe Price US Equity Research ETF,us_core,True,True,
TUR,iShares MSCI Turkey ETF,em_equity,True,True,
TUSI,Touchstone Ultra Short Income ETF,bond_ig,True,True,
TVAL,T. Rowe Price Value ETF,us_factor,True,True,
TXXI,BondBloxx IR+M Tax-Aware Intermediate Duration ETF,bond_muni,True,True,
UBND,VictoryShares Core Plus Intermediate Bond ETF,bond_ig,True,True,
UCON,First Trust Tcw Unconstrained Plus Bond Etf,bond_ig,True,True,
UFIV,US Treasury 5 Year Note,bond_treasury,False,False,non-US listing / not tradable on US exchange
UITB,VictoryShares Core Intermediate Bond ETF,bond_ig,True,True,
ULTY,YieldMax Ultra Option Income Strategy ETF,option_overlay,True,False,option-overlay structure caps upside vs SPY
URTH,iShares MSCI World ETF,intl_equity,True,True,
USFR,WidsomTree Floating Rate Treasury FUND,bond_treasury,True,True,
USHY,iShares Broad USD High Yield Corporate Bond ETF,bond_hy,True,True,
USIG,iShares Broad USD Investment Grade Corporate Bond ETF,bond_ig,True,True,
USMF,Wisdomtree Trust-Wisdomtree US Multifactor Fund,us_factor,True,True,
USMV,iShares MSCI USA Min Vol Factor ETF,us_factor,True,True,
USPX,Franklin U.S. Equity Index ETF,us_core,True,True,
USRT,iShares Core U.S. REIT ETF,real_estate,True,True,
USTB,VictoryShares Short-Term Bond ETF,bond_ig,True,True,
USVM,VictoryShares US Small Mid Cap Value Momentum ETF,us_small_mid,True,True,
UYLD,Angel Oak Ultrashort Income ETF,bond_ig,True,True,
VB,Vanguard Small-Cap,us_small_mid,True,True,
VBIL,Vanguard 0-3 Month Treasury Bill ETF,bond_treasury,True,True,
VBK,Vanguard Small-Cap Growth ETF,us_small_mid,True,True,
VBR,Vanguard Small-Cap Value ETF,us_small_mid,True,True,
VCEB,Vanguard ESG U.S. Corporate Bond ETF,bond_ig,True,True,
VCIT,Vanguard Intermediate-Term Corporate Bond ETF,bond_ig,True,True,
VCLT,Vanguard Long-Term Corporate Bond ETF,bond_ig,True,True,
VCRB,Vanguard Core Bond ETF,bond_ig,True,True,
VCRM,Vanguard Core Tax-Exempt Bond ETF,bond_muni,True,True,
VCSH,Vanguard Short-Term Corporate Bond ETF,bond_ig,True,True,
VDU,Vanguard FTSE Developed All Cap ex U.S. Index,intl_equity,False,False,non-US listing / not tradable on US exchange
VEA,Vanguard FTSE Developed Markets ETF,intl_equity,True,True,
VEU,Vanguard FTSE All-World ex-US ETF,intl_equity,True,True,
VEVE,FTSE Developed World UCITS,intl_equity,False,False,non-US listing / not tradable on US exchange
VFLO,VictoryShares Free Cash Flow ETF,us_factor,True,True,
VFMF,Vanguard US Multifactor ETF,us_factor,True,True,
VFMO,Vanguard US Momentum Factor ETF,us_factor,True,True,
VFMV,Vanguard U.S. Minimum Volatility ETF,us_factor,True,True,
VFQY,Vanguard US Quality Factor ETF,us_factor,True,True,
VFVA,Vanguard U.S. Value Factor,us_factor,True,True,
VGIT,Vanguard Intermediate-Term Treasury ETF,bond_treasury,True,True,
VGK,Vanguard FTSE Europe ETF,intl_equity,True,True,
VGLT,Vanguard Long-Term Treasury ETF,bond_treasury,True,True,
VGSH,Vanguard Short-Term Treasury ETF,bond_treasury,True,True,
VIG,Vanguard Dividend Appreciation ETF,us_factor,True,True,
VIGI,Vanguard International Dividend Appreciation ETF,intl_equity,True,True,
VIOG,Vanguard S&P Small-Cap 600 Growth ETF,us_small_mid,True,True,
VIOO,Vanguard S&P Small-Cap 600 ETF,us_small_mid,True,True,
VIOV,Vanguard S&P Small-Cap 600 Value ETF,us_small_mid,True,True,
VLU,SPDR S&P 1500 Value Tilt ETF,us_factor,True,True,
VLUE,iShares MSCI USA Value Factor ETF,us_factor,True,True,
VMBS,Vanguard Mortgage-Backed Securities ETF,bond_ig,True,True,
VMID,Vanguard FTSE 250 UCITS ETF,intl_equity,False,False,non-US listing / not tradable on US exchange
VNLA,Janus Henderson Short Duration,bond_ig,True,True,
VO,Vanguard Mid-Cap ETF,us_small_mid,True,True,
VOE,Vanguard Mid-Cap Value ETF,us_small_mid,True,True,
VONE,Vanguard Russell 1000,us_core,True,True,
VONV,Vanguard Russell 1000 Value,us_factor,True,True,
VOO,Vanguard S&P 500 ETF,us_core,True,True,
VOOV,Vanguard S&P 500 Value ETF,us_factor,True,True,
VOT,Vanguard Mid-Cap Growth ETF,us_small_mid,True,True,
VOTE,TCW Transform 500 ETF,us_core,True,True,
VPL,Vanguard FTSE Pacific ETF,intl_equity,True,True,
VPLS,Vanguard Core-Plus Bond ETF,bond_ig,True,True,
VRP,Invesco Variable Rate Preferred ETF,preferred,True,True,
VSDM,Vanguard Short Duration Tax-Exempt Bond ETF,bond_muni,True,True,
VSGX,Vanguard ESG International Stock ETF,intl_equity,True,True,
VSS,Vanguard FTSE All World ex-US Small-Cap ETF,intl_equity,True,True,
VT,Vanguard Total World Stock ETF,intl_equity,True,True,
VTC,Vanguard Total Corporate Bond Fund,bond_ig,True,True,
VTEB,Vanguard Tax-Exempt Bond Index ETF,bond_muni,True,True,
VTEC,Vanguard California Tax-Exempt Bond ETF,bond_muni,True,True,
VTEI,Vanguard Intermediate Tax-Exempt Bond ETF,bond_muni,True,True,
VTEL,Vanguard Long-Term Tax-Exempt Bond ETF,bond_muni,True,True,
VTES,Vanguard Short-Term Tax-Exempt Bond ETF,bond_muni,True,True,
VTHR,Vanguard Russell 3000,us_core,True,True,
VTI,Vanguard Total Stock Market ETF,us_core,True,True,
VTIP,Vanguard Short-Term Inflation-Protected Securities,bond_tips,True,True,
VTV,Vanguard Value ETF,us_factor,True,True,
VTWG,Vanguard Russell 2000 Growth,us_small_mid,True,True,
VTWO,Vanguard Russell 2000 ETF,us_small_mid,True,True,
VTWV,Vanguard Russell 2000 Value,us_small_mid,True,True,
VUSA,Vanguard S&P 500,us_core,False,False,non-US listing / not tradable on US exchange
VUSB,Vanguard Ultra Short Bond ETF,bond_ig,True,True,
VUSD,Vanguard S&P 500 UCITS,us_core,False,False,non-US listing / not tradable on US exchange
VV,Vanguard Large-Cap ETF,us_core,True,True,
VWO,Vanguard FTSE Emerging Markets ETF,em_equity,True,True,
VWOB,Vanguard Emerging Markets Government Bond ETF,bond_treasury,True,True,
VWRA,Vanguard FTSE All-World UCITS ETF USD Accumulation,intl_equity,False,False,non-US listing / not tradable on US exchange
VWRL,Vanguard FTSE All-World UCITS,intl_equity,False,False,non-US listing / not tradable on US exchange
VXF,Vanguard Extended Market ETF,us_small_mid,True,True,
VXUS,Vanguard Total International Stock ETF,intl_equity,True,True,
VYM,Vanguard High Dividend Yield ETF,us_factor,True,True,
VYMI,Vanguard International High Dividend Yield ETF,intl_equity,True,True,
WDIV,SPDR S&P Global Dividend Fund,intl_equity,True,True,
WIP,SPDR FTSE International Government Inflation-Protected Bond ETF,bond_tips,True,True,
WTAI,Wisdomtree Artificial Intelligence And Innovation Fund,sector_thematic,True,True,
WTV,WisdomTree U.S. Value Fund,us_factor,True,True,
WWJD,Inspire International ETF,intl_equity,True,True,
XAXD,Xtrackers MSCI AC Asia ex Japan,em_equity,False,False,non-US listing / not tradable on US exchange
XBB,BondBloxx BB-Rated USD High Yield Corporate Bond ETF,bond_hy,True,True,
XCCC,BondBloxx CCC-Rated USD High Yield Corporate Bond ETF,bond_hy,True,True,
XEMD,BondBloxx JP Morgan USD Emerging Markets 1-10 Year Bond ETF,bond_ig,True,True,
XJH,iShares ESG Select Screened S&P Mid-Cap ETF,us_small_mid,True,True,
XLI,Industrial Select Sector SPDR Fund,sector_thematic,True,True,
XMED,Xtrackers MSCI Europe UCITS,intl_equity,False,False,non-US listing / not tradable on US exchange
XMHQ,Invesco S&P MidCap Quality ETF,us_small_mid,True,True,
XMLV,Invesco S&P MidCap Low Volatility ETF,us_small_mid,True,True,
XMMO,Invesco S&P MidCap Momentum ET,us_small_mid,True,True,
XMPT,VanEck CEF Muni Income ETF,bond_muni,True,True,
XMUD,Xtrackers MSCI USA Swap UCITS,us_equity_other,False,False,non-US listing / not tradable on US exchange
XMVM,Invesco S&P MidCap Value with Momentum ETF,us_small_mid,True,True,
XONE,BondBloxx Bloomberg One Year Target Duration US Treasury ETF,bond_treasury,True,True,
XRT,SPDR S&P Retail ETF,sector_thematic,True,True,
XSHQ,Invesco S&P SmallCap Quality ETF,us_small_mid,True,True,
XSLV,Invesco S&P SmallCap Low Volatility ETF,us_small_mid,True,True,
XSMO,Invesco S&P SmallCap Momentum ETF,us_small_mid,True,True,
XSOE,Wisdomtree Emerging Markets EX-State-Owned Enterprises Fund,em_equity,True,True,
XSVM,Invesco S&P SmallCap Value with Momentum ETF,us_small_mid,True,True,
XTEN,BondBloxx Bloomberg Ten Year Target Duration US Treasury ETF,bond_treasury,True,True,
XTRE,BondBloxx Bloomberg Three Year Target Duration US Treasury ETF,bond_treasury,True,True,
XTWO,BondBloxx Bloomberg Two Year Target Duration US Treasury ETF,bond_treasury,True,True,
XYLD,Global X S&P 500 Covered Call ETF,option_overlay,True,False,option-overlay structure caps upside vs SPY
YEAR,AB Ultra Short Income ETF,bond_ig,True,True,
YLD,Principal Active High Yield ETF,bond_hy,True,True,
YLDE,Franklin ClearBridge Enhanced Income ETF,bond_ig,True,True,
YYY,Amplify High Income ETF,bond_ig,True,True,
ZECP,Zacks Earnings Consistent Portfolio ETF,us_factor,True,True,
ZROZ,PIMCO 25+ Year Zero Coupon U.S. Treasury Index,bond_treasury,True,True,
